{
    "precision": 0.38832684824902725,
    "recall": 0.2434740180531837,
    "f1": 0.2992952466636677,
    "span_precision": 0.5914786967418546,
    "span_recall": 0.37602647383257753,
    "span_f1": 0.4597632249363105,
    "exact_match": 0.2356
}