{
    "precision": 0.7534660952861104,
    "recall": 0.7292022444498658,
    "f1": 0.7411356310438879,
    "span_precision": 0.909263718159929,
    "span_recall": 0.8793969849246231,
    "span_f1": 0.8940809968847352,
    "exact_match": 0.6176
}