{
    "precision": 0.7256156950048699,
    "recall": 0.6361307636008783,
    "f1": 0.6779330516737082,
    "span_precision": 0.8778166550034989,
    "span_recall": 0.7687216570658169,
    "span_f1": 0.8196549921589127,
    "exact_match": 0.4978
}