{
    "precision": 0.698048972109467,
    "recall": 0.6502805562332277,
    "f1": 0.6733185980423114,
    "span_precision": 0.8587228439763002,
    "span_recall": 0.7993626669935041,
    "span_f1": 0.8279801955059033,
    "exact_match": 0.5086
}