{
    "precision": 0.6445711570444286,
    "recall": 0.6618687484752379,
    "f1": 0.6531054405392392,
    "span_precision": 0.9146472484182882,
    "span_recall": 0.9390856722637578,
    "span_f1": 0.9267053701015965,
    "exact_match": 0.4462
}