{
    "precision": 0.7035069075451648,
    "recall": 0.646011222249329,
    "f1": 0.6735342744499554,
    "span_precision": 0.8627320069435171,
    "span_recall": 0.7918862605711484,
    "span_f1": 0.8257924335378323,
    "exact_match": 0.4958
}