{
    "precision": 0.7413642598827784,
    "recall": 0.7251768724079044,
    "f1": 0.733181229573904,
    "span_precision": 0.907131219451059,
    "span_recall": 0.8871185194264003,
    "span_f1": 0.8970132606270913,
    "exact_match": 0.6082
}