{
    "precision": 0.6668449913066739,
    "recall": 0.6081971212490851,
    "f1": 0.6361722488038277,
    "span_precision": 0.7751646284101599,
    "span_recall": 0.7069493810515994,
    "span_f1": 0.7394871794871795,
    "exact_match": 0.4398
}