{
    "precision": 0.528802269643518,
    "recall": 0.5229324225420834,
    "f1": 0.5258509659613614,
    "span_precision": 0.9045201238390093,
    "span_recall": 0.8952077460473097,
    "span_f1": 0.8998398423062709,
    "exact_match": 0.333
}