{
    "precision": 0.6649347188915534,
    "recall": 0.6088070261039278,
    "f1": 0.6356342333163526,
    "span_precision": 0.7643901784516303,
    "span_recall": 0.6982473342321363,
    "span_f1": 0.7298232129131437,
    "exact_match": 0.4292
}