{
    "precision": 0.8913603371575743,
    "recall": 0.9287631129543791,
    "f1": 0.9096774193548387,
    "span_precision": 0.906974009173233,
    "span_recall": 0.9452138742492953,
    "span_f1": 0.925699195774817,
    "exact_match": 0.802
}