{
    "precision": 0.3272315531232308,
    "recall": 0.21151500365942913,
    "f1": 0.25694598799733276,
    "span_precision": 0.5013197586726998,
    "span_recall": 0.32589778159088123,
    "span_f1": 0.39500854192973334,
    "exact_match": 0.19
}