{
    "precision": 0.675025075225677,
    "recall": 0.6567455476945596,
    "f1": 0.6657598615061209,
    "span_precision": 0.8968903436988543,
    "span_recall": 0.8731462188993749,
    "span_f1": 0.8848590237237611,
    "exact_match": 0.5058
}