{
    "precision": 0.6530147895335608,
    "recall": 0.6301536960234203,
    "f1": 0.6413805946986156,
    "span_precision": 0.9070476190476191,
    "span_recall": 0.8754749356538791,
    "span_f1": 0.8909816639640763,
    "exact_match": 0.4752
}