{
    "precision": 0.6677084635579448,
    "recall": 0.6515003659429129,
    "f1": 0.6595048465765265,
    "span_precision": 0.8980259021752798,
    "span_recall": 0.8753523716141685,
    "span_f1": 0.8865441906653427,
    "exact_match": 0.5034
}