{
    "precision": 0.8951687471104947,
    "recall": 0.9447426201512564,
    "f1": 0.9192878338278931,
    "span_precision": 0.9172085462145843,
    "span_recall": 0.9681333496752053,
    "span_f1": 0.9419831852602707,
    "exact_match": 0.8268
}