{
    "precision": 0.49970438689842733,
    "recall": 0.5154915833130032,
    "f1": 0.5074752326628639,
    "span_precision": 0.8961871956289346,
    "span_recall": 0.9247456796176002,
    "span_f1": 0.9102424900470503,
    "exact_match": 0.3132
}