{
    "precision": 0.658873979803569,
    "recall": 0.5809953647231032,
    "f1": 0.6174888183055681,
    "span_precision": 0.8264795776604612,
    "span_recall": 0.729133472239245,
    "span_f1": 0.7747606954483296,
    "exact_match": 0.4476
}