{
    "precision": 0.9010016305613789,
    "recall": 0.9436447914125397,
    "f1": 0.9218303145853194,
    "span_precision": 0.9147069147069147,
    "span_recall": 0.9582056624586346,
    "span_f1": 0.9359511552735544,
    "exact_match": 0.8262
}