{
    "precision": 0.6907692307692308,
    "recall": 0.7120029275433033,
    "f1": 0.7012253724171073,
    "span_precision": 0.8990139004395865,
    "span_recall": 0.9274420884912367,
    "span_f1": 0.9130067567567567,
    "exact_match": 0.5164
}