{
    "precision": 0.7115439702091091,
    "recall": 0.6060014637716516,
    "f1": 0.6545454545454545,
    "span_precision": 0.796056419113414,
    "span_recall": 0.677901703640152,
    "span_f1": 0.7322433309062023,
    "exact_match": 0.4382
}