{
    "precision": 0.8643410852713178,
    "recall": 1.0,
    "f1": 0.9272349272349272,
    "span_precision": 0.8626692456479691,
    "span_recall": 1.0,
    "span_f1": 0.9262720664589824,
    "exact_match": 0.8187919463087249
}