{
    "precision": 0.9701492537313433,
    "recall": 1.0,
    "f1": 0.9848484848484849,
    "span_precision": 0.9680851063829787,
    "span_recall": 1.0,
    "span_f1": 0.9837837837837838,
    "exact_match": 0.9575163398692811
}