{
    "precision": 0.9791231732776617,
    "recall": 1.0,
    "f1": 0.989451476793249,
    "span_precision": 0.9791231732776617,
    "span_recall": 1.0,
    "span_f1": 0.989451476793249,
    "exact_match": 0.9705882352941176
}