{
    "precision": 0.9686800894854586,
    "recall": 1.0,
    "f1": 0.9840909090909091,
    "span_precision": 0.9686800894854586,
    "span_recall": 1.0,
    "span_f1": 0.9840909090909091,
    "exact_match": 0.9530201342281879
}