{
    "precision": 0.9606741573033708,
    "recall": 1.0,
    "f1": 0.9799426934097422,
    "span_precision": 0.9606741573033708,
    "span_recall": 1.0,
    "span_f1": 0.9799426934097422,
    "exact_match": 0.9459459459459459
}