{
    "precision": 0.9369747899159664,
    "recall": 0.9955357142857143,
    "f1": 0.9653679653679654,
    "span_precision": 0.9311064718162839,
    "span_recall": 0.9955357142857143,
    "span_f1": 0.9622437971952535,
    "exact_match": 0.9036544850498339
}