{
    "precision": 0.9770354906054279,
    "recall": 0.997867803837953,
    "f1": 0.9873417721518986,
    "span_precision": 0.9770354906054279,
    "span_recall": 0.997867803837953,
    "span_f1": 0.9873417721518986,
    "exact_match": 0.9674267100977199
}