{
    "precision": 0.9757785467128027,
    "recall": 1.0,
    "f1": 0.9877408056042032,
    "span_precision": 0.9757785467128027,
    "span_recall": 1.0,
    "span_f1": 0.9877408056042032,
    "exact_match": 0.9672131147540983
}