{
    "precision": 0.9088992974238876,
    "recall": 0.9468162966577214,
    "f1": 0.9274704265742623,
    "span_precision": 0.9228235294117647,
    "span_recall": 0.9613923274911141,
    "span_f1": 0.9417131880665106,
    "exact_match": 0.8374
}