{
    "precision": 0.5979431336963097,
    "recall": 0.6028299585264699,
    "f1": 0.6003766020773857,
    "span_precision": 0.8958535402521823,
    "span_recall": 0.9056256894227234,
    "span_f1": 0.9007131102578168,
    "exact_match": 0.3938
}