{
    "precision": 0.5532199270959903,
    "recall": 0.5553793608197122,
    "f1": 0.5542975407840273,
    "span_precision": 0.898927090953426,
    "span_recall": 0.9036646647873514,
    "span_f1": 0.9012896522217468,
    "exact_match": 0.3592
}