{
    "precision": 0.8988095238095238,
    "recall": 0.957794584044889,
    "f1": 0.9273650643675446,
    "span_precision": 0.911243964129685,
    "span_recall": 0.9714425787473955,
    "span_f1": 0.9403808506851753,
    "exact_match": 0.8358
}