{
    "precision": 0.7087141202213927,
    "recall": 0.6716272261527202,
    "f1": 0.6896724494269431,
    "span_precision": 0.8965740142210731,
    "span_recall": 0.8499816153940434,
    "span_f1": 0.8726563483075376,
    "exact_match": 0.5412
}