{
    "precision": 0.7199415631848064,
    "recall": 0.6011222249329105,
    "f1": 0.6551884597487202,
    "span_precision": 0.7871715837369734,
    "span_recall": 0.6573109449687462,
    "span_f1": 0.7164039540475554,
    "exact_match": 0.4326
}