{
    "precision": 0.7195352948604622,
    "recall": 0.6950475725786778,
    "f1": 0.7070794812930448,
    "span_precision": 0.8960791777693187,
    "span_recall": 0.8655472484373085,
    "span_f1": 0.8805486284289277,
    "exact_match": 0.5668
}