{
    "precision": 0.8977680120272927,
    "recall": 0.9469382776286899,
    "f1": 0.9216978331849213,
    "span_precision": 0.910135841170324,
    "span_recall": 0.9607795072925603,
    "span_f1": 0.9347722394466969,
    "exact_match": 0.8222
}