{
    "precision": 0.2745322642229859,
    "recall": 0.17540863625274458,
    "f1": 0.21405180113128908,
    "span_precision": 0.4242712897694799,
    "span_recall": 0.2729501164358377,
    "span_f1": 0.33218973747016706,
    "exact_match": 0.184
}