{
    "precision": 0.6849198467867783,
    "recall": 0.5889241278360575,
    "f1": 0.6333049124417918,
    "span_precision": 0.8291166077738515,
    "span_recall": 0.7189606569432528,
    "span_f1": 0.770119469607457,
    "exact_match": 0.4602
}