{
    "precision": 0.5905754203173099,
    "recall": 0.6084410831910222,
    "f1": 0.5993751502042777,
    "span_precision": 0.8966500356379188,
    "span_recall": 0.9251133717367325,
    "span_f1": 0.9106593472884117,
    "exact_match": 0.396
}