{
    "precision": 0.6805910006715916,
    "recall": 0.618077579897536,
    "f1": 0.6478297001853864,
    "span_precision": 0.7664686825053996,
    "span_recall": 0.6959186174776321,
    "span_f1": 0.729491873835678,
    "exact_match": 0.4392
}