{
    "precision": 0.7127888617769484,
    "recall": 0.6057575018297146,
    "f1": 0.6549291130893505,
    "span_precision": 0.7851787773933102,
    "span_recall": 0.6674837602647383,
    "span_f1": 0.7215634315998676,
    "exact_match": 0.4436
}