{
    "precision": 0.7215777262180975,
    "recall": 0.6828494754818248,
    "f1": 0.7016796189521184,
    "span_precision": 0.9081962967758643,
    "span_recall": 0.8596641745311926,
    "span_f1": 0.8832640725349453,
    "exact_match": 0.562
}