{
    "precision": 0.970954356846473,
    "recall": 0.997867803837953,
    "f1": 0.9842271293375393,
    "span_precision": 0.970954356846473,
    "span_recall": 0.997867803837953,
    "span_f1": 0.9842271293375393,
    "exact_match": 0.9543973941368078
}