{
    "precision": 0.9619450317124736,
    "recall": 1.0,
    "f1": 0.9806034482758621,
    "span_precision": 0.9619450317124736,
    "span_recall": 1.0,
    "span_f1": 0.9806034482758621,
    "exact_match": 0.9477124183006536
}