{
    "precision": 0.9661016949152542,
    "recall": 1.0,
    "f1": 0.9827586206896551,
    "span_precision": 0.9661016949152542,
    "span_recall": 1.0,
    "span_f1": 0.9827586206896551,
    "exact_match": 0.9459459459459459
}