{
    "precision": 0.8745098039215686,
    "recall": 1.0,
    "f1": 0.9330543933054394,
    "span_precision": 0.8745098039215686,
    "span_recall": 1.0,
    "span_f1": 0.9330543933054394,
    "exact_match": 0.8187919463087249
}