{
    "precision": 0.9770833333333333,
    "recall": 1.0,
    "f1": 0.9884088514225501,
    "span_precision": 0.9770833333333333,
    "span_recall": 1.0,
    "span_f1": 0.9884088514225501,
    "exact_match": 0.9640522875816994
}