{
    "precision": 0.9665178571428571,
    "recall": 1.0,
    "f1": 0.9829738933030646,
    "span_precision": 0.9665178571428571,
    "span_recall": 1.0,
    "span_f1": 0.9829738933030646,
    "exact_match": 0.9496644295302014
}