{
    "precision": 0.9880952380952381,
    "recall": 1.0,
    "f1": 0.9940119760479043,
    "span_precision": 0.9880952380952381,
    "span_recall": 1.0,
    "span_f1": 0.9940119760479043,
    "exact_match": 0.98
}