{
    "precision": 0.9509594882729211,
    "recall": 0.9955357142857143,
    "f1": 0.9727371864776446,
    "span_precision": 0.9469214437367304,
    "span_recall": 0.9955357142857143,
    "span_f1": 0.9706202393906421,
    "exact_match": 0.9269102990033222
}