{
    "precision": 0.9243986254295533,
    "recall": 0.9539007092198581,
    "f1": 0.9389179755671903,
    "span_precision": 0.9415807560137457,
    "span_recall": 0.9716312056737588,
    "span_f1": 0.956369982547993,
    "exact_match": 0.8688524590163934
}