{
    "precision": 0.8141025641025641,
    "recall": 0.8373626373626374,
    "f1": 0.8255687973997833,
    "span_precision": 0.8824786324786325,
    "span_recall": 0.9076923076923077,
    "span_f1": 0.8949079089924161,
    "exact_match": 0.7320261437908496
}