{
    "precision": 0.786036036036036,
    "recall": 0.8060046189376443,
    "f1": 0.7958950969213227,
    "span_precision": 0.8828828828828829,
    "span_recall": 0.9053117782909931,
    "span_f1": 0.8939566704675028,
    "exact_match": 0.6812080536912751
}