{
    "precision": 0.49278846153846156,
    "recall": 0.4575892857142857,
    "f1": 0.47453703703703703,
    "span_precision": 0.5797101449275363,
    "span_recall": 0.5357142857142857,
    "span_f1": 0.5568445475638051,
    "exact_match": 0.3222591362126246
}