{
    "precision": 0.6741996233521658,
    "recall": 0.8026905829596412,
    "f1": 0.7328556806550666,
    "span_precision": 0.7415094339622641,
    "span_recall": 0.8811659192825112,
    "span_f1": 0.8053278688524589,
    "exact_match": 0.5100671140939598
}