{
    "precision": 0.927536231884058,
    "recall": 0.9552238805970149,
    "f1": 0.9411764705882353,
    "span_precision": 0.9440993788819876,
    "span_recall": 0.9722814498933902,
    "span_f1": 0.9579831932773109,
    "exact_match": 0.8823529411764706
}