{
    "precision": 0.9111111111111111,
    "recall": 0.9590643274853801,
    "f1": 0.9344729344729344,
    "span_precision": 0.9166666666666666,
    "span_recall": 0.9649122807017544,
    "span_f1": 0.9401709401709402,
    "exact_match": 0.8558558558558559
}