{
    "precision": 0.7716346153846154,
    "recall": 0.6844349680170576,
    "f1": 0.7254237288135594,
    "span_precision": 0.8076923076923077,
    "span_recall": 0.7164179104477612,
    "span_f1": 0.759322033898305,
    "exact_match": 0.5309446254071661
}