{
    "precision": 0.9411764705882353,
    "recall": 0.963855421686747,
    "f1": 0.9523809523809523,
    "span_precision": 0.9764705882352941,
    "span_recall": 1.0,
    "span_f1": 0.988095238095238,
    "exact_match": 0.92
}