{
    "precision": 0.30174563591022446,
    "recall": 0.2713004484304933,
    "f1": 0.28571428571428575,
    "span_precision": 0.7107231920199502,
    "span_recall": 0.6390134529147982,
    "span_f1": 0.6729634002361276,
    "exact_match": 0.15771812080536912
}