{
    "precision": 0.3278236914600551,
    "recall": 0.26153846153846155,
    "f1": 0.29095354523227385,
    "span_precision": 0.8622589531680441,
    "span_recall": 0.6879120879120879,
    "span_f1": 0.7652811735941322,
    "exact_match": 0.19281045751633988
}