{
    "precision": 0.7281419046420934,
    "recall": 0.7060258599658453,
    "f1": 0.7169133585186103,
    "span_precision": 0.9068150208623088,
    "span_recall": 0.8790292928054909,
    "span_f1": 0.892705999502116,
    "exact_match": 0.5792
}