{
    "precision": 0.32625994694960214,
    "recall": 0.2622601279317697,
    "f1": 0.2907801418439716,
    "span_precision": 0.791005291005291,
    "span_recall": 0.6375266524520256,
    "span_f1": 0.7060212514757969,
    "exact_match": 0.1791530944625407
}