{
    "precision": 0.23618090452261306,
    "recall": 0.20982142857142858,
    "f1": 0.2222222222222222,
    "span_precision": 0.6331658291457286,
    "span_recall": 0.5625,
    "span_f1": 0.5957446808510639,
    "exact_match": 0.13953488372093023
}