{
    "precision": 0.34097421203438394,
    "recall": 0.2748267898383372,
    "f1": 0.30434782608695654,
    "span_precision": 0.8424068767908309,
    "span_recall": 0.6789838337182448,
    "span_f1": 0.7519181585677749,
    "exact_match": 0.2080536912751678
}