{
    "precision": 0.3425,
    "recall": 0.2921108742004264,
    "f1": 0.31530494821634064,
    "span_precision": 0.9,
    "span_recall": 0.767590618336887,
    "span_f1": 0.8285385500575374,
    "exact_match": 0.19607843137254902
}