{
    "precision": 0.6780575539568345,
    "recall": 0.8452914798206278,
    "f1": 0.75249500998004,
    "span_precision": 0.7338129496402878,
    "span_recall": 0.9147982062780269,
    "span_f1": 0.81437125748503,
    "exact_match": 0.5503355704697986
}