{
    "precision": 0.8189473684210526,
    "recall": 0.8549450549450549,
    "f1": 0.8365591397849462,
    "span_precision": 0.871578947368421,
    "span_recall": 0.9098901098901099,
    "span_f1": 0.8903225806451613,
    "exact_match": 0.7450980392156863
}