{
    "precision": 0.8333333333333334,
    "recall": 0.9122401847575058,
    "f1": 0.8710033076074972,
    "span_precision": 0.9291845493562232,
    "span_recall": 1.0,
    "span_f1": 0.9632925472747498,
    "exact_match": 0.7416107382550335
}