{
    "precision": 0.8287401574803149,
    "recall": 0.8976545842217484,
    "f1": 0.8618219037871034,
    "span_precision": 0.9267326732673268,
    "span_recall": 0.997867803837953,
    "span_f1": 0.9609856262833676,
    "exact_match": 0.7296416938110749
}