{
    "precision": 0.8293650793650794,
    "recall": 0.9186813186813186,
    "f1": 0.8717413972888426,
    "span_precision": 0.9266802443991853,
    "span_recall": 1.0,
    "span_f1": 0.9619450317124736,
    "exact_match": 0.7254901960784313
}