{
    "precision": 0.791907514450867,
    "recall": 0.92152466367713,
    "f1": 0.8518134715025907,
    "span_precision": 0.867704280155642,
    "span_recall": 1.0,
    "span_f1": 0.9291666666666667,
    "exact_match": 0.674496644295302
}