{
    "precision": 0.8,
    "recall": 0.9196428571428571,
    "f1": 0.8556593977154726,
    "span_precision": 0.8814229249011858,
    "span_recall": 0.9955357142857143,
    "span_f1": 0.9350104821802936,
    "exact_match": 0.6843853820598007
}