{
    "precision": 0.9486754966887417,
    "recall": 0.9785313491095389,
    "f1": 0.9633721628437611,
    "span_precision": 0.9628305932809149,
    "span_recall": 0.9905625689422723,
    "span_f1": 0.9764997281459554,
    "exact_match": 0.9168
}