{
    "precision": 0.8775100401606426,
    "recall": 0.9317697228144989,
    "f1": 0.9038262668045502,
    "span_precision": 0.9591002044989775,
    "span_recall": 1.0,
    "span_f1": 0.9791231732776617,
    "exact_match": 0.8137254901960784
}