{
    "precision": 0.9879518072289156,
    "recall": 0.9879518072289156,
    "f1": 0.9879518072289156,
    "span_precision": 1.0,
    "span_recall": 1.0,
    "span_f1": 1.0,
    "exact_match": 0.98
}