{
    "precision": 0.9,
    "recall": 0.9473684210526315,
    "f1": 0.9230769230769231,
    "span_precision": 0.9111111111111111,
    "span_recall": 0.9590643274853801,
    "span_f1": 0.9344729344729344,
    "exact_match": 0.8378378378378378
}