{
    "precision": 0.9259259259259259,
    "recall": 0.9594882729211087,
    "f1": 0.9424083769633508,
    "span_precision": 0.9465020576131687,
    "span_recall": 0.9808102345415778,
    "span_f1": 0.963350785340314,
    "exact_match": 0.8888888888888888
}