{
    "precision": 0.804932735426009,
    "recall": 0.8290993071593533,
    "f1": 0.8168373151308305,
    "span_precision": 0.8923766816143498,
    "span_recall": 0.9191685912240185,
    "span_f1": 0.9055745164960182,
    "exact_match": 0.7181208053691275
}