{
    "precision": 0.7976190476190477,
    "recall": 0.7142857142857143,
    "f1": 0.7536557930258718,
    "span_precision": 0.8166666666666667,
    "span_recall": 0.7313432835820896,
    "span_f1": 0.7716535433070867,
    "exact_match": 0.5570032573289903
}