{
    "precision": 0.934931506849315,
    "recall": 0.9680851063829787,
    "f1": 0.9512195121951219,
    "span_precision": 0.9452054794520548,
    "span_recall": 0.9787234042553191,
    "span_f1": 0.9616724738675957,
    "exact_match": 0.9016393442622951
}