{
    "precision": 0.49361702127659574,
    "recall": 0.5178571428571429,
    "f1": 0.505446623093682,
    "span_precision": 0.5910064239828694,
    "span_recall": 0.6160714285714286,
    "span_f1": 0.6032786885245901,
    "exact_match": 0.3654485049833887
}