{
    "precision": 0.33783783783783783,
    "recall": 0.27472527472527475,
    "f1": 0.30303030303030304,
    "span_precision": 0.8135135135135135,
    "span_recall": 0.6615384615384615,
    "span_f1": 0.7296969696969696,
    "exact_match": 0.19607843137254902
}