{
    "precision": 0.3064935064935065,
    "recall": 0.2645739910313901,
    "f1": 0.2839951865222623,
    "span_precision": 0.7064935064935065,
    "span_recall": 0.6098654708520179,
    "span_f1": 0.6546329723225031,
    "exact_match": 0.1644295302013423
}