{
    "precision": 0.34173669467787116,
    "recall": 0.2817551963048499,
    "f1": 0.3088607594936709,
    "span_precision": 0.8403361344537815,
    "span_recall": 0.6928406466512702,
    "span_f1": 0.7594936708860759,
    "exact_match": 0.21140939597315436
}