{
    "precision": 0.3435754189944134,
    "recall": 0.2622601279317697,
    "f1": 0.2974607013301088,
    "span_precision": 0.6564245810055865,
    "span_recall": 0.5010660980810234,
    "span_f1": 0.5683192261185006,
    "exact_match": 0.16612377850162866
}