{
    "precision": 0.7088934850051706,
    "recall": 0.6689436447914126,
    "f1": 0.6883394000251035,
    "span_precision": 0.9037787300350604,
    "span_recall": 0.8530457163868121,
    "span_f1": 0.8776796973518286,
    "exact_match": 0.5386
}