{
    "precision": 0.35170603674540685,
    "recall": 0.2857142857142857,
    "f1": 0.3152941176470588,
    "span_precision": 0.8530183727034121,
    "span_recall": 0.6929637526652452,
    "span_f1": 0.7647058823529412,
    "exact_match": 0.19281045751633988
}