{
    "precision": 0.1928020565552699,
    "recall": 0.16741071428571427,
    "f1": 0.17921146953405018,
    "span_precision": 0.5244215938303342,
    "span_recall": 0.45535714285714285,
    "span_f1": 0.4874551971326165,
    "exact_match": 0.12624584717607973
}