{
    "precision": 0.9208217913204063,
    "recall": 0.9731641863869236,
    "f1": 0.9462697188945557,
    "span_precision": 0.94272048530098,
    "span_recall": 0.9904400049025616,
    "span_f1": 0.9659912736835814,
    "exact_match": 0.8764
}