{
    "precision": 0.9054818234275822,
    "recall": 0.9570626982190779,
    "f1": 0.9305580264484374,
    "span_precision": 0.9392143189214319,
    "span_recall": 0.9904400049025616,
    "span_f1": 0.9641472290162858,
    "exact_match": 0.8518
}