{
    "precision": 0.8400745368847967,
    "recall": 0.9348621615028055,
    "f1": 0.8849373592748686,
    "span_precision": 0.9162131519274377,
    "span_recall": 0.9904400049025616,
    "span_f1": 0.951881736262442,
    "exact_match": 0.742
}