{
    "precision": 0.9598108747044918,
    "recall": 0.9904854842644547,
    "f1": 0.9749069516148398,
    "span_precision": 0.9586002372479241,
    "span_recall": 0.9904400049025616,
    "span_f1": 0.9742600518415818,
    "exact_match": 0.9332
}