{
    "precision": 0.920113314447592,
    "recall": 0.9904854842644547,
    "f1": 0.9540034071550255,
    "span_precision": 0.926189111747851,
    "span_recall": 0.9904400049025616,
    "span_f1": 0.9572376214167259,
    "exact_match": 0.877
}