{
    "precision": 0.9416676330743361,
    "recall": 0.9904854842644547,
    "f1": 0.9654598418643363,
    "span_precision": 0.9432706898564258,
    "span_recall": 0.9904400049025616,
    "span_f1": 0.9662800430467535,
    "exact_match": 0.9084
}