{
    "precision": 0.9250317662007624,
    "recall": 0.9768236155159795,
    "f1": 0.9502224859092258,
    "span_precision": 0.9393234918051843,
    "span_recall": 0.9904400049025616,
    "span_f1": 0.9642047488366543,
    "exact_match": 0.8804
}