{
    "precision": 0.9550693954363679,
    "recall": 0.9904854842644547,
    "f1": 0.9724550898203593,
    "span_precision": 0.9544112436518247,
    "span_recall": 0.9904400049025616,
    "span_f1": 0.9720919042463612,
    "exact_match": 0.9266
}