{
    "precision": 0.9177178567295452,
    "recall": 0.9673090997804342,
    "f1": 0.9418611556505729,
    "span_precision": 0.941512291739485,
    "span_recall": 0.9904400049025616,
    "span_f1": 0.9653565882212399,
    "exact_match": 0.8694
}