{
    "precision": 0.9542836996121753,
    "recall": 0.9904854842644547,
    "f1": 0.9720476446998264,
    "span_precision": 0.953622846353552,
    "span_recall": 0.9904400049025616,
    "span_f1": 0.971682799254494,
    "exact_match": 0.9254
}