{
    "precision": 0.9617434561174938,
    "recall": 0.9904854842644547,
    "f1": 0.975902890451295,
    "span_precision": 0.9613371401379966,
    "span_recall": 0.9904400049025616,
    "span_f1": 0.9756715967401147,
    "exact_match": 0.9384
}