{
    "precision": 0.7119013750592698,
    "recall": 0.9157111490607466,
    "f1": 0.8010457237368618,
    "span_precision": 0.820489389785765,
    "span_recall": 0.9904400049025616,
    "span_f1": 0.89749000444247,
    "exact_match": 0.5382
}