{
    "precision": 0.9353321575543798,
    "recall": 0.9703586240546475,
    "f1": 0.9525234987726756,
    "span_precision": 0.9568975725281231,
    "span_recall": 0.9904400049025616,
    "span_f1": 0.9733799084557937,
    "exact_match": 0.8998
}