{
    "precision": 0.7649677797305214,
    "recall": 0.7964137594535252,
    "f1": 0.7803741110380685,
    "span_precision": 0.9458099250936329,
    "span_recall": 0.9904400049025616,
    "span_f1": 0.9676106088726577,
    "exact_match": 0.6324
}