{
    "precision": 0.745625,
    "recall": 0.727616491827275,
    "f1": 0.7365106803309049,
    "span_precision": 0.9085656870133132,
    "span_recall": 0.8866282632675573,
    "span_f1": 0.8974629365423981,
    "exact_match": 0.6162
}