{
    "precision": 0.6641404572439055,
    "recall": 0.641375945352525,
    "f1": 0.6525597269624573,
    "span_precision": 0.8349182198554583,
    "span_recall": 0.8070842014952813,
    "span_f1": 0.8207652997631809,
    "exact_match": 0.5134
}