{
    "precision": 0.6789946140035906,
    "recall": 0.6919980483044645,
    "f1": 0.685434664411285,
    "span_precision": 0.9193412669792043,
    "span_recall": 0.9373697757078073,
    "span_f1": 0.9282679936885545,
    "exact_match": 0.4866
}