{
    "precision": 0.9085898024804777,
    "recall": 0.9651134423030008,
    "f1": 0.9359990535904413,
    "span_precision": 0.9173973234886941,
    "span_recall": 0.974629243779875,
    "span_f1": 0.9451476793248946,
    "exact_match": 0.8466
}