{
    "precision": 0.6448812251296274,
    "recall": 0.6523542327396926,
    "f1": 0.6485962039900552,
    "span_precision": 0.9204311493278431,
    "span_recall": 0.9314867018016914,
    "span_f1": 0.9259259259259259,
    "exact_match": 0.439
}