{
    "precision": 0.9099630143319464,
    "recall": 0.9603561844352281,
    "f1": 0.934480712166172,
    "span_precision": 0.9183697166744078,
    "span_recall": 0.9693589900723127,
    "span_f1": 0.9431757199928448,
    "exact_match": 0.8412
}