{
    "precision": 0.9195456142405434,
    "recall": 0.957794584044889,
    "f1": 0.9382804564736812,
    "span_precision": 0.9277392020713193,
    "span_recall": 0.9661723250398333,
    "span_f1": 0.9465658021133526,
    "exact_match": 0.8536
}